id,number,AccountName,address
1,1,osterrie0,PO Box 76101
2,2,gdelasci1,12th Floor
3,3,dsmittoune2,Room 365
4,4,tcheale3,PO Box 88663
5,5,mhelgass4,17th Floor
6,6,bterne5,Room 1478
7,7,vrobarts6,PO Box 77274
8,8,nsibbald7,Apt 1719
9,9,ggrimbleby8,PO Box 65239
10,10,ghempel9,Suite 99
11,11,gdowea,7th Floor
12,12,cacunab,PO Box 18324
13,13,ibighamc,2nd Floor
14,14,vseiterd,PO Box 94047
15,15,wcargoe,PO Box 97689
16,16,afearbyf,PO Box 84539
17,17,jsamberg,Room 1776
18,18,dcrippsh,15th Floor
19,19,opinnioni,Suite 54
20,20,bgippsj,PO Box 60105
21,21,wcayzerk,12th Floor
22,22,afelcel,PO Box 60377
23,23,fmertschingm,Suite 75
24,24,cmanharen,Apt 1608
25,25,jfancourto,Room 372
26,26,njolliep,PO Box 60147
27,27,jsilburnq,Suite 65
28,28,htomaszynskir,Apt 380
29,29,jleets,20th Floor
30,30,zbusht,PO Box 7875
31,31,cweatherbyu,Room 1016
32,32,bcrutchv,Apt 1493
33,33,lpavkovicw,5th Floor
34,34,jfenechx,Apt 1947
35,35,ddarlisony,Room 542
36,36,agillottz,PO Box 91720
37,37,jwigglesworth10,PO Box 13705
38,38,ccornelisse11,Suite 17
39,39,aphifer12,Room 428
40,40,gspring13,Room 281
41,41,baleshkov14,Suite 42
42,42,zstarkie15,9th Floor
43,43,bgilcrist16,Suite 57
44,44,tlenney17,7th Floor
45,45,kscimone18,PO Box 13978
46,46,cpicford19,5th Floor
47,47,klicence1a,18th Floor
48,48,ccorney1b,20th Floor
49,49,arocca1c,4th Floor
50,50,ebilston1d,4th Floor
51,51,tteligin1e,Room 1031
52,52,mgosenell1f,Apt 1069
53,53,kblunkett1g,Suite 50
54,54,cfarden1h,PO Box 99782
55,55,hpaty1i,Apt 527
56,56,wjurkiewicz1j,Room 691
57,57,cnaile1k,Room 1867
58,58,scroux1l,Suite 56
59,59,rivamy1m,PO Box 32411
60,60,sferber1n,PO Box 88267
61,61,afrear1o,7th Floor
62,62,credbourn1p,Apt 724
63,63,evanbrug1q,Room 406
64,64,cwynn1r,13th Floor
65,65,mkingswood1s,Room 59
66,66,smcfarlane1t,10th Floor
67,67,tstansbie1u,Suite 33
68,68,ndignan1v,PO Box 72376
69,69,mdreger1w,2nd Floor
70,70,nsabates1x,Room 571
71,71,bbarta1y,Suite 62
72,72,scracknell1z,Apt 1273
73,73,aduchateau20,Suite 71
74,74,jcalleja21,Room 1245
75,75,dtellenbrok22,PO Box 9770
76,76,nstquentin23,PO Box 74042
77,77,eflancinbaum24,PO Box 7137
78,78,ppottage25,Apt 310
79,79,ilutsch26,Apt 1188
80,80,darkcoll27,PO Box 68662
81,81,eholdall28,Suite 36
82,82,ktolchar29,Apt 1536
83,83,vcollcutt2a,PO Box 57964
84,84,klegrice2b,PO Box 36047
85,85,lwiddows2c,Apt 667
86,86,azelland2d,PO Box 30194
87,87,taliman2e,Apt 81
88,88,cgibbons2f,Apt 1415
89,89,dquinn2g,Room 1737
90,90,johickee2h,Room 741
91,91,phumphries2i,PO Box 12349
92,92,ydanher2j,19th Floor
93,93,yhayen2k,Room 1531
94,94,cdossettor2l,Suite 86
95,95,gibbetson2m,PO Box 96638
96,96,tshubotham2n,4th Floor
97,97,mfink2o,Apt 1488
98,98,ccordero2p,13th Floor
99,99,bgrimwad2q,Room 357
100,100,clenchenko2r,Room 370
101,101,kjoy2s,Room 1146
102,102,cdelisle2t,Suite 59
103,103,kcarrack2u,Apt 319
104,104,gorchard2v,Room 180
105,105,bsloss2w,Room 1267
106,106,fcastagne2x,PO Box 23227
107,107,rcrus2y,19th Floor
108,108,mdarkins2z,Suite 61
109,109,gaupol30,Apt 1661
110,110,ofitzgibbon31,PO Box 64947
111,111,rnewling32,Room 363
112,112,mburhill33,Apt 237
113,113,achateau34,Suite 62
114,114,sasbrey35,Apt 823
115,115,sthoumas36,Apt 1682
116,116,ydeath37,PO Box 84994
117,117,dtrumpeter38,PO Box 71753
118,118,adeinhard39,9th Floor
119,119,adeex3a,8th Floor
120,120,wgoulbourne3b,PO Box 36678
121,121,ddybald3c,Room 231
122,122,twathall3d,Suite 11
123,123,bsinyard3e,Suite 42
124,124,gmccroft3f,Suite 39
125,125,mfarahar3g,Suite 91
126,126,apinor3h,Suite 76
127,127,clergan3i,Apt 1256
128,128,cjandl3j,Apt 199
129,129,dzelley3k,Apt 587
130,130,dshallow3l,17th Floor
131,131,mvakhlov3m,Apt 27
132,132,aheugh3n,PO Box 43442
133,133,ryeld3o,Room 115
134,134,rcoghill3p,Room 216
135,135,mgiorgietto3q,Room 1998
136,136,wbartali3r,Apt 167
137,137,snucci3s,Apt 1613
138,138,mbloomfield3t,Suite 44
139,139,rreary3u,Suite 11
140,140,degre3v,Apt 1636
141,141,ebaron3w,PO Box 85223
142,142,raslen3x,13th Floor
143,143,hmcmenamy3y,Suite 40
144,144,mwasielewski3z,PO Box 26171
145,145,mmacquarrie40,PO Box 25734
146,146,epinkstone41,8th Floor
147,147,dandriesse42,Room 1154
148,148,gcaustick43,Apt 33
149,149,bsiggers44,Apt 750
150,150,zhowgate45,Room 297
151,151,lelse46,Room 1293
152,152,omclellan47,Room 935
153,153,scuchey48,Suite 31
154,154,wkaas49,PO Box 54890
155,155,mdyett4a,Room 1915
156,156,nceschelli4b,Suite 17
157,157,sraspin4c,Room 1166
158,158,zoman4d,11th Floor
159,159,mgoscar4e,Suite 77
160,160,apaddy4f,Room 210
161,161,nsudron4g,Suite 86
162,162,swinchester4h,8th Floor
163,163,mmowday4i,PO Box 57034
164,164,plyddiard4j,Room 1655
165,165,fbitten4k,Suite 59
166,166,dbrewin4l,PO Box 80158
167,167,shousbie4m,Apt 423
168,168,mcommon4n,Suite 25
169,169,hmate4o,Apt 342
170,170,tshackleton4p,Suite 83
171,171,cverdey4q,Room 1980
172,172,mmettetal4r,Room 183
173,173,ilewer4s,5th Floor
174,174,wewdale4t,Apt 476
175,175,ddiboldi4u,Suite 36
176,176,miacovo4v,Apt 1283
177,177,sraggatt4w,Apt 1641
178,178,pwrate4x,PO Box 74381
179,179,mdaines4y,PO Box 65817
180,180,cgregor4z,Room 1491
181,181,hsheeres50,PO Box 80663
182,182,nhealey51,Suite 47
183,183,ffriar52,PO Box 48565
184,184,gcaccavari53,Suite 98
185,185,cschoolcroft54,16th Floor
186,186,dsmallcombe55,Apt 745
187,187,gthody56,Room 1132
188,188,ogaish57,PO Box 87452
189,189,dmagnay58,Apt 878
190,190,csibbert59,10th Floor
191,191,vwoolhouse5a,16th Floor
192,192,iwaterhowse5b,Apt 963
193,193,fwhorlton5c,Suite 26
194,194,mchuter5d,Suite 51
195,195,sickovitz5e,16th Floor
196,196,fwarne5f,17th Floor
197,197,mcraighead5g,14th Floor
198,198,garpin5h,9th Floor
199,199,dtreversh5i,Apt 1505
200,200,bswafield5j,6th Floor
201,201,cfullegar5k,Suite 35
202,202,parrigo5l,Room 1521
203,203,lhelstrip5m,Room 411
204,204,ycandie5n,Room 628
205,205,ibever5o,Room 593
206,206,gducarne5p,Suite 25
207,207,mkopacek5q,Apt 1923
208,208,bwash5r,20th Floor
209,209,ratwater5s,PO Box 81582
210,210,battewell5t,Room 942
211,211,agilleon5u,Room 798
212,212,sform5v,8th Floor
213,213,anussii5w,Apt 1605
214,214,mgundry5x,PO Box 48555
215,215,fscholtz5y,Apt 101
216,216,tpedycan5z,Apt 470
217,217,corrom60,4th Floor
218,218,fcleverly61,Room 1712
219,219,kstapels62,Room 1619
220,220,chamnet63,Apt 1999
221,221,jlinder64,Suite 13
222,222,scroneen65,PO Box 67531
223,223,bpamment66,Apt 953
224,224,iberr67,PO Box 36410
225,225,dmolohan68,Room 1310
226,226,rprudence69,Apt 588
227,227,cshovell6a,8th Floor
228,228,rcoppin6b,Room 106
229,229,fibbeson6c,Apt 1800
230,230,ykarsh6d,Room 1109
231,231,jgozney6e,Apt 144
232,232,bcoryndon6f,Room 1313
233,233,nminihane6g,14th Floor
234,234,cfiridolfi6h,Room 1210
235,235,nblazynski6i,Room 1416
236,236,irediers6j,Room 1126
237,237,dbruhnsen6k,Room 1662
238,238,cleate6l,PO Box 65197
239,239,hbogace6m,Apt 809
240,240,fbrotherick6n,Apt 555
241,241,amattisson6o,Room 961
242,242,cbartles6p,Apt 1425
243,243,aweatherell6q,12th Floor
244,244,trustan6r,19th Floor
245,245,cwilloughley6s,6th Floor
246,246,gpadbery6t,PO Box 64193
247,247,read6u,16th Floor
248,248,lgarland6v,Room 490
249,249,mderges6w,Room 407
250,250,ceinchcombe6x,PO Box 98081
251,251,tscrammage6y,Apt 1778
252,252,tfleisch6z,Apt 1424
253,253,amacmychem70,16th Floor
254,254,jmilhench71,1st Floor
255,255,aankrett72,5th Floor
256,256,rlevin73,16th Floor
257,257,bcotton74,Apt 1733
258,258,bfilipyev75,Apt 340
259,259,koldknowe76,Room 675
260,260,ihallet77,Room 1895
261,261,hcrock78,Apt 1897
262,262,nrosbotham79,PO Box 93926
263,263,lpane7a,11th Floor
264,264,tstarsmeare7b,11th Floor
265,265,tyarn7c,Apt 1602
266,266,hislep7d,Suite 89
267,267,vdale7e,11th Floor
268,268,rauchterlonie7f,Suite 31
269,269,kglasheen7g,20th Floor
270,270,lmountjoy7h,Suite 49
271,271,rclimie7i,Room 923
272,272,hpressdee7j,Suite 29
273,273,etillot7k,Apt 275
274,274,snutbean7l,Suite 85
275,275,evedenichev7m,Suite 84
276,276,nstidston7n,Suite 9
277,277,ncurry7o,Apt 1366
278,278,lavrashin7p,Suite 63
279,279,ashorte7q,Suite 32
280,280,awhilde7r,Suite 29
281,281,sbirrell7s,8th Floor
282,282,lbawden7t,Room 1903
283,283,jjentgens7u,PO Box 79531
284,284,ecoatsworth7v,19th Floor
285,285,bcoarser7w,Suite 61
286,286,ikrinks7x,11th Floor
287,287,aschinetti7y,Suite 57
288,288,smcelree7z,Room 861
289,289,kcarlos80,4th Floor
290,290,vhundal81,Room 39
291,291,rbrelsford82,Room 1975
292,292,thellyer83,Apt 1681
293,293,bhouten84,Room 1465
294,294,cglasspoole85,18th Floor
295,295,jyouthead86,Suite 8
296,296,rtomson87,PO Box 39189
297,297,thannond88,1st Floor
298,298,tgorling89,Room 569
299,299,rvipan8a,Room 1214
300,300,gmusla8b,PO Box 82214
301,301,gedgeon8c,Room 1801
302,302,bmarti8d,Suite 66
303,303,tyard8e,Apt 543
304,304,jhawksworth8f,Suite 34
305,305,ecopestick8g,Room 1913
306,306,irisdall8h,Room 551
307,307,atilberry8i,PO Box 33283
308,308,lsidey8j,Suite 34
309,309,nwandless8k,PO Box 36274
310,310,anathon8l,3rd Floor
311,311,tbroske8m,Apt 1458
312,312,cqualtrough8n,19th Floor
313,313,adadswell8o,13th Floor
314,314,bscollan8p,Suite 62
315,315,kkubal8q,Room 604
316,316,jbarritt8r,7th Floor
317,317,tzimek8s,Suite 45
318,318,spolden8t,Suite 87
319,319,dkitteringham8u,Apt 597
320,320,tscouse8v,12th Floor
321,321,dslowly8w,10th Floor
322,322,dbuffey8x,5th Floor
323,323,zhunter8y,17th Floor
324,324,tkindle8z,16th Floor
325,325,ealdersey90,Suite 80
326,326,hvasey91,PO Box 41789
327,327,gdebell92,PO Box 81524
328,328,msnowling93,2nd Floor
329,329,chackford94,Suite 20
330,330,tmcmenamin95,Room 391
331,331,ddavoren96,Suite 10
332,332,ngledstane97,Suite 83
333,333,sbrogini98,Room 1848
334,334,cleak99,Suite 90
335,335,kspeek9a,5th Floor
336,336,byuryichev9b,Room 698
337,337,smccreath9c,PO Box 27972
338,338,radam9d,Apt 1373
339,339,rjagielski9e,PO Box 92860
340,340,dbolles9f,Room 1934
341,341,bdollin9g,15th Floor
342,342,sfritche9h,8th Floor
343,343,cbuesnel9i,PO Box 5381
344,344,mcowdrey9j,PO Box 41173
345,345,bgiamitti9k,PO Box 79163
346,346,gbarkas9l,Apt 729
347,347,escurr9m,Suite 5
348,348,chugueville9n,PO Box 89755
349,349,mcuer9o,Suite 84
350,350,jbisiker9p,Room 240
351,351,mmacshirie9q,Apt 683
352,352,agrammer9r,Room 367
353,353,hlevine9s,Suite 4
354,354,gohannigan9t,Apt 844
355,355,mlippi9u,Suite 23
356,356,ckenaway9v,Apt 139
357,357,oyarrow9w,10th Floor
358,358,nturley9x,Apt 169
359,359,ubredbury9y,Room 1474
360,360,rpitcaithly9z,PO Box 63793
361,361,kreightleya0,16th Floor
362,362,ppenchena1,14th Floor
363,363,mberndsena2,Apt 10
364,364,zcarnegya3,PO Box 45764
365,365,aoneila4,Suite 38
366,366,mcarasa5,10th Floor
367,367,edunnana6,8th Floor
368,368,zvasentsova7,Room 771
369,369,tadamova8,Apt 1641
370,370,kkarpenyaa9,PO Box 44031
371,371,dsimantsaa,PO Box 91863
372,372,cheadinghamab,2nd Floor
373,373,ssinnockac,Suite 26
374,374,jquarmbyad,Apt 1112
375,375,glerigoae,Suite 73
376,376,bbathoweaf,Suite 71
377,377,cmilsteadag,Suite 85
378,378,kforsonah,Room 1127
379,379,oosbaldestonai,Suite 46
380,380,cwestrawaj,PO Box 95796
381,381,vdranak,Suite 45
382,382,djuszczakal,Suite 11
383,383,mriggeardam,Suite 32
384,384,gpickancean,Apt 1583
385,385,kwinsborrowao,5th Floor
386,386,mpulhosterap,Suite 88
387,387,kjindracekaq,Room 940
388,388,bdebischopar,Suite 8
389,389,tballingalas,Room 791
390,390,aaldhouseat,PO Box 13899
391,391,tyeldenau,Suite 43
392,392,esindellav,13th Floor
393,393,ssincockaw,PO Box 83749
394,394,smathevetax,Room 1431
395,395,ldunckleeay,11th Floor
396,396,fgierckaz,2nd Floor
397,397,kjagob0,Room 437
398,398,pbrittb1,PO Box 55986
399,399,tpearseyb2,PO Box 25660
400,400,sabthorpeb3,Apt 782
401,401,vabrehartb4,PO Box 28322
402,402,lscotchbourougeb5,8th Floor
403,403,lhatwellb6,Room 1699
404,404,ishailerb7,PO Box 85187
405,405,tlayb8,Apt 863
406,406,blererb9,Apt 678
407,407,jfotittba,Apt 1399
408,408,ghanlonbb,Suite 36
409,409,podooghainebc,PO Box 64636
410,410,whallickbd,Apt 518
411,411,gkarpeevbe,PO Box 1323
412,412,dpaffittbf,Apt 1730
413,413,dackwoodbg,Room 443
414,414,akeinratbh,Room 308
415,415,foldacresbi,Room 142
416,416,rlingleybj,3rd Floor
417,417,nscroytonbk,Suite 75
418,418,smarshalleckbl,Room 1904
419,419,ameddemmenbm,18th Floor
420,420,tjaneczekbn,PO Box 62063
421,421,naylenbo,Apt 679
422,422,asestonbp,Suite 4
423,423,rgrogonabq,Apt 1721
424,424,osawbr,11th Floor
425,425,tbilsfordbs,Room 770
426,426,tdibollbt,Apt 1161
427,427,ehaldinbu,Suite 23
428,428,vbudibentbv,12th Floor
429,429,jkaaskooperbw,Suite 51
430,430,reynaldbx,PO Box 70093
431,431,npittsonby,10th Floor
432,432,jvermerbz,Apt 1558
433,433,cmayoc0,Suite 58
434,434,lgroartyc1,PO Box 9687
435,435,agoodwync2,Room 187
436,436,emondayc3,PO Box 91704
437,437,lmattsc4,Room 979
438,438,lliffc5,Room 1516
439,439,amelanc6,Apt 1653
440,440,jjanuarystc7,Suite 28
441,441,ecausbeyc8,11th Floor
442,442,gboyfordc9,Room 86
443,443,lsussansca,8th Floor
444,444,hberendsencb,Suite 58
445,445,grealffcc,PO Box 35659
446,446,estalfcd,PO Box 13924
447,447,tadriaance,PO Box 22430
448,448,ujouannotcf,PO Box 50083
449,449,isapshedcg,Room 1398
450,450,jbeneditch,PO Box 19076
451,451,tdignonci,Suite 78
452,452,elemmertzcj,Room 328
453,453,cwindousck,Suite 28
454,454,fphilcoxcl,Apt 1098
455,455,bsurmeyerscm,15th Floor
456,456,pdarintoncn,Suite 52
457,457,wblezardco,8th Floor
458,458,lpughsleycp,Room 909
459,459,qjackcq,12th Floor
460,460,cmainecr,16th Floor
461,461,katchesoncs,PO Box 42438
462,462,jtruinct,Room 1146
463,463,dschurichtcu,14th Floor
464,464,dlorentecv,PO Box 73362
465,465,gblankettcw,Room 1014
466,466,rwarbyscx,Apt 977
467,467,jsimonichcy,Room 205
468,468,sdobbscz,Apt 1961
469,469,mcomolettid0,PO Box 28239
470,470,rretchfordd1,Apt 656
471,471,acrossthwaited2,PO Box 51249
472,472,gmacgiollad3,Apt 611
473,473,tpavisd4,PO Box 40888
474,474,amcmakind5,PO Box 3438
475,475,rpurvissd6,Apt 1326
476,476,rspoursd7,PO Box 75216
477,477,cbaughd8,Room 1144
478,478,fwaind9,Room 1904
479,479,apaulackda,Suite 18
480,480,racostadb,PO Box 6306
481,481,sidelldc,18th Floor
482,482,farguedd,Suite 18
483,483,nrussode,Room 1945
484,484,bhurdwelldf,Room 589
485,485,cshaylerdg,Suite 75
486,486,vsponderdh,9th Floor
487,487,rcrankhorndi,Room 866
488,488,kgorthydj,Apt 1793
489,489,pbonedk,14th Floor
490,490,wmorebydl,Suite 67
491,491,dfarrancedm,Room 1450
492,492,hgummoedn,5th Floor
493,493,menticottdo,Suite 82
494,494,nrenbolddp,Room 44
495,495,rpischeldq,Suite 83
496,496,dspellissydr,Room 937
497,497,ccomettods,Apt 117
498,498,trallsdt,Apt 270
499,499,ccrowcumdu,Suite 23
500,500,akervindv,PO Box 3767
501,501,xdenselldw,Apt 1084
502,502,abentsondx,Suite 22
503,503,olilbournedy,Room 305
504,504,dmonroedz,5th Floor
505,505,nbambrughe0,Room 1874
506,506,blourense1,Apt 800
507,507,bberlinge2,PO Box 80524
508,508,jpierpointe3,Apt 385
509,509,ldelvee4,PO Box 82900
510,510,kthrowere5,Room 1392
511,511,gkewzicke6,Suite 4
512,512,rcurreye7,6th Floor
513,513,enewtowne8,Suite 76
514,514,rrustedgee9,Apt 740
515,515,nenrightea,Room 1442
516,516,sbernaciakeb,Suite 86
517,517,sdunkerlyec,Apt 1750
518,518,sreaveyed,Suite 84
519,519,fwoakesee,1st Floor
520,520,floughranef,Suite 54
521,521,lkennagheg,Room 1357
522,522,rfowleseh,Room 1472
523,523,ckernleyei,6th Floor
524,524,tiacovelliej,18th Floor
525,525,ssearyek,Suite 17
526,526,aandrusel,Suite 84
527,527,mcristoforiem,Suite 76
528,528,rmulvyen,13th Floor
529,529,rogleeo,Apt 1759
530,530,bentwistleep,Suite 15
531,531,hbabcockeq,2nd Floor
532,532,ecurnesser,Suite 4
533,533,nianellies,Suite 13
534,534,nmccayet,2nd Floor
535,535,gwoodeseu,Room 515
536,536,bpillev,Room 491
537,537,coloshkinew,1st Floor
538,538,lscholesex,Room 630
539,539,dsharramey,Apt 356
540,540,lyarmouthez,Room 243
541,541,glouedeyf0,Apt 1939
542,542,iglosterf1,Suite 89
543,543,jelvidgef2,Room 420
544,544,abaylisf3,Suite 67
545,545,kmcfadef4,Apt 704
546,546,hjosefowiczf5,Room 1110
547,547,rmariyushkinf6,6th Floor
548,548,cgillamf7,PO Box 73057
549,549,lsherlandf8,PO Box 73790
550,550,mwilnef9,Suite 23
551,551,ljeffcoatfa,18th Floor
552,552,svannetfb,1st Floor
553,553,tcappsfc,Room 1785
554,554,psinnockfd,Apt 485
555,555,ngillibrandfe,Suite 57
556,556,eantonyff,PO Box 73820
557,557,mdechelettefg,PO Box 93645
558,558,ldavidovitsfh,18th Floor
559,559,vbalfefi,8th Floor
560,560,jwishkarfj,Suite 95
561,561,athurskefk,8th Floor
562,562,cwildmanfl,Suite 38
563,563,nmelloifm,Room 1320
564,564,kavisfn,1st Floor
565,565,eandraultfo,5th Floor
566,566,jjacmardfp,Apt 1859
567,567,bgierokfq,PO Box 83580
568,568,emurkinfr,15th Floor
569,569,lbravenfs,18th Floor
570,570,bcullonft,PO Box 58469
571,571,mwarrickfu,Suite 12
572,572,ddescoffierfv,PO Box 29293
573,573,kbrinsfordfw,Suite 24
574,574,avanyushkinfx,PO Box 92503
575,575,flockierfy,11th Floor
576,576,spersichfz,Apt 307
577,577,elaweeg0,Room 189
578,578,pdrig1,Apt 518
579,579,rlagadug2,Suite 61
580,580,hdeemg3,Apt 1553
581,581,egronoweg4,Suite 91
582,582,cvigusg5,Suite 37
583,583,rgeldefordg6,Apt 385
584,584,kkosg7,Room 1320
585,585,nthorogoodg8,9th Floor
586,586,boshirineg9,Room 1437
587,587,eboxallga,Room 521
588,588,sgarygb,Apt 783
589,589,zgilbardgc,Apt 1941
590,590,aroslengd,Apt 503
591,591,smaccaigge,8th Floor
592,592,lbahdegf,Apt 1468
593,593,jmaylergg,PO Box 10577
594,594,mkittlesgh,Room 1425
595,595,rlongmangi,Suite 95
596,596,btzukergj,Apt 1668
597,597,kcarlsengk,Apt 828
598,598,nmagoverngl,14th Floor
599,599,floughreygm,18th Floor
600,600,nrutherfordgn,PO Box 87771
601,601,gpleadengo,PO Box 29986
602,602,ltroodgp,PO Box 78637
603,603,wdoeggq,Room 276
604,604,rfroudgr,Suite 97
605,605,dpeacegs,Apt 964
606,606,mhurlestonegt,16th Floor
607,607,fkelmeregu,14th Floor
608,608,rrodolicogv,Room 835
609,609,gdanevgw,Room 358
610,610,rtesaurogx,Apt 1028
611,611,mpettigy,Suite 90
612,612,vtollemachegz,16th Floor
613,613,oiddisonh0,PO Box 58871
614,614,dcantwellh1,Suite 60
615,615,sfreckinghamh2,Room 93
616,616,tchilderleyh3,PO Box 5094
617,617,waberchirderh4,12th Floor
618,618,boccleshawh5,PO Box 79275
619,619,mscothernh6,7th Floor
620,620,ehuggillh7,Room 93
621,621,eetteryh8,PO Box 10780
622,622,hmiroyh9,Apt 1455
623,623,wmatusiakha,Room 1790
624,624,atownshendhb,Room 1875
625,625,tdingatehc,6th Floor
626,626,mredwinhd,Suite 23
627,627,chardypigginhe,Apt 855
628,628,klarmorhf,Room 1291
629,629,cfranzolinihg,11th Floor
630,630,jshillidayhh,10th Floor
631,631,mcharleyhi,Room 1130
632,632,czappelhj,Suite 90
633,633,gsentinellahk,Room 832
634,634,cdunhamhl,14th Floor
635,635,agilmanhm,14th Floor
636,636,aslaterhn,Room 978
637,637,kgriswaiteho,PO Box 86874
638,638,gtabbhp,Room 1324
639,639,dstratiffhq,Apt 844
640,640,kcamblinghr,PO Box 77229
641,641,mdemichelehs,Suite 90
642,642,spierroht,15th Floor
643,643,ocammomilehu,Suite 24
644,644,aondrasekhv,Apt 1952
645,645,toakshw,18th Floor
646,646,kcraskehx,Apt 1521
647,647,dthreadgillhy,Apt 199
648,648,psandbrookhz,PO Box 80593
649,649,rfitzgeorgei0,PO Box 54066
650,650,mfochsi1,Suite 69
651,651,bfrancai2,PO Box 66329
652,652,lvitleri3,Suite 35
653,653,vsybryi4,Room 1134
654,654,mtailouri5,Suite 14
655,655,clarmuthi6,PO Box 38735
656,656,tneylani7,Suite 29
657,657,mfrancesci8,Room 869
658,658,nwitteringi9,Apt 395
659,659,eluddyia,Apt 1623
660,660,aaartsenib,Apt 324
661,661,dbaughanic,PO Box 26927
662,662,nbaudyid,Suite 17
663,663,rsawleie,Suite 22
664,664,olackeyif,20th Floor
665,665,bervinig,PO Box 93760
666,666,gcapounih,15th Floor
667,667,vgeelanii,Suite 16
668,668,gasipenkoij,Suite 61
669,669,lpoltoneik,Room 574
670,670,dpaulleyil,Suite 86
671,671,rpirnieim,Apt 1650
672,672,mhalcroin,PO Box 34515
673,673,hfolkio,Room 491
674,674,ldivinaip,PO Box 99154
675,675,padlardiq,Room 1434
676,676,apeckettir,Suite 18
677,677,qchartresis,Apt 1917
678,678,mlimbrickit,Suite 84
679,679,gloftsiu,Suite 51
680,680,bmarsieiv,Room 1906
681,681,rdenricoiw,Suite 24
682,682,gfallowsix,9th Floor
683,683,clauiy,14th Floor
684,684,mmoggachiz,PO Box 11699
685,685,dmcgeeverj0,PO Box 26279
686,686,gclelandj1,Room 1210
687,687,dscotsonj2,Suite 52
688,688,rcollyearj3,Room 164
689,689,ascrivensj4,11th Floor
690,690,fdownj5,Suite 33
691,691,gbirkinj6,PO Box 30082
692,692,joakj7,PO Box 97503
693,693,gbarrellj8,PO Box 38246
694,694,tbarksj9,PO Box 92073
695,695,loliphantja,Apt 1203
696,696,galhirsijb,4th Floor
697,697,ggilhamjc,Suite 93
698,698,jadacotjd,Apt 1507
699,699,bolennaneje,7th Floor
700,700,glongfootjf,Suite 56
701,701,ctreesjg,12th Floor
702,702,ahaironjh,PO Box 33615
703,703,pferyji,Suite 18
704,704,rfrancoisjj,PO Box 9096
705,705,cickovjk,Apt 1941
706,706,wmyalljl,Suite 91
707,707,mvasilicjm,Room 1935
708,708,hgoosnelljn,Room 1830
709,709,hcubbinijo,PO Box 1378
710,710,kximenezjp,Apt 1377
711,711,lvarnsjq,PO Box 82093
712,712,bvedyashkinjr,16th Floor
713,713,csawneyjs,PO Box 94144
714,714,ksprullsjt,Apt 1349
715,715,cpaulonju,5th Floor
716,716,wkleinplacjv,19th Floor
717,717,bkempstonjw,Suite 23
718,718,drussjx,Room 41
719,719,bsaladinojy,Suite 40
720,720,hstacyjz,Apt 91
721,721,sseggesk0,PO Box 94499
722,722,kcallardk1,Room 120
723,723,astephensonk2,PO Box 29391
724,724,jedelmank3,Room 925
725,725,jchastelk4,1st Floor
726,726,sburnesk5,Suite 9
727,727,nfochsk6,Apt 1583
728,728,jlouthek7,PO Box 501
729,729,mpokerk8,6th Floor
730,730,tscoynek9,PO Box 35987
731,731,sdegoweka,PO Box 29202
732,732,sstivanikb,Suite 82
733,733,retonkc,Room 595
734,734,mspadazzikd,Apt 673
735,735,hschlagmanke,Room 682
736,736,tmumbykf,PO Box 75652
737,737,lkrzysztofkg,Apt 877
738,738,cakhurstkh,Apt 1050
739,739,rstollwerckki,PO Box 23224
740,740,scheleykj,Apt 1520
741,741,penneverkk,Room 237
742,742,ldahlekl,PO Box 32562
743,743,blempelkm,Room 1862
744,744,sblaydkn,Apt 1087
745,745,aduffynko,Room 621
746,746,alundonkp,Apt 1301
747,747,ppinekq,Apt 1659
748,748,cricioppokr,Suite 30
749,749,fabramovitzks,Room 822
750,750,slambirdkt,Room 1255
751,751,dzorzettiku,20th Floor
752,752,dkilmisterkv,Apt 1996
753,753,ftellessonkw,9th Floor
754,754,rmcivorkx,PO Box 47122
755,755,ecorhardky,Suite 65
756,756,ciannekz,9th Floor
757,757,slenchenkol0,Suite 11
758,758,cburtl1,PO Box 48816
759,759,ttoppasl2,Suite 28
760,760,afaichl3,Room 1563
761,761,dshakeladyl4,Room 1293
762,762,ijankinl5,Apt 1627
763,763,ashrubshalll6,PO Box 56942
764,764,rnassil7,18th Floor
765,765,szisnerosl8,Apt 168
766,766,fskottlel9,5th Floor
767,767,sminearla,Room 1852
768,768,flambertazzilb,PO Box 59092
769,769,nkiliuslc,PO Box 17267
770,770,ddawberyld,16th Floor
771,771,possipenkole,Apt 1960
772,772,ldrewetlf,1st Floor
773,773,fcornslg,Suite 48
774,774,ewildinlh,PO Box 55149
775,775,nmccorkindaleli,Apt 1169
776,776,jlaingmaidlj,PO Box 52727
777,777,vbarnardlk,PO Box 40349
778,778,cwilfordll,9th Floor
779,779,rmcgerrlm,PO Box 21687
780,780,wfauldsln,Room 557
781,781,bpitbladolo,Suite 14
782,782,kbrotherheedlp,PO Box 1665
783,783,abierslq,19th Floor
784,784,tbettanaylr,Room 1898
785,785,zharpinls,17th Floor
786,786,lpyperlt,PO Box 42953
787,787,twhiteleylu,Apt 1031
788,788,bcarslv,Suite 74
789,789,scowderoylw,Suite 54
790,790,palleburtonlx,Suite 69
791,791,dmunroly,8th Floor
792,792,fprimelz,Suite 3
793,793,oliliem0,13th Floor
794,794,bstilgom1,Room 1373
795,795,afenningm2,PO Box 70622
796,796,fingilsonm3,PO Box 89301
797,797,abedissm4,Apt 605
798,798,wgodspeedem5,Apt 1758
799,799,akinkaidm6,Suite 68
800,800,cplimmerm7,6th Floor
801,801,jrobichonm8,Apt 341
802,802,ftubbym9,5th Floor
803,803,mparnabyma,Suite 72
804,804,ukieffmb,Room 389
805,805,awapplingtonmc,Room 1520
806,806,wgudgemd,Suite 80
807,807,cpatrickme,11th Floor
808,808,csoaresmf,PO Box 71314
809,809,emawhinneymg,PO Box 56076
810,810,bruppertzmh,PO Box 97008
811,811,mebertzmi,Suite 85
812,812,jcooleymj,Apt 794
813,813,bbynethmk,Suite 75
814,814,sbatistelliml,20th Floor
815,815,erimourmm,12th Floor
816,816,ddericutmn,12th Floor
817,817,lgelderdmo,18th Floor
818,818,ayeliashevmp,Apt 1215
819,819,mminchentonmq,Apt 123
820,820,jkohringmr,Suite 70
821,821,sbreddyms,Room 1686
822,822,wmccloudmt,Suite 86
823,823,tpeakmu,17th Floor
824,824,rglindemv,16th Floor
825,825,gscortonmw,Room 1560
826,826,kgreasermx,20th Floor
827,827,nclitherowmy,PO Box 24730
828,828,rcassarmz,13th Floor
829,829,awestcottn0,Apt 17
830,830,krandaln1,PO Box 87303
831,831,mdwinen2,14th Floor
832,832,vbaumaiern3,PO Box 99034
833,833,bwaterhousn4,Apt 868
834,834,rozannen5,Apt 506
835,835,vworlockn6,Apt 1206
836,836,efettisn7,9th Floor
837,837,mkelceyn8,Suite 39
838,838,cbirtlesn9,Suite 8
839,839,bwrennna,14th Floor
840,840,msoppittnb,PO Box 5815
841,841,mbattillnc,PO Box 84151
842,842,ifuzzardnd,PO Box 55160
843,843,mliellne,17th Floor
844,844,lcanetnf,Suite 19
845,845,lbillisonng,Room 1533
846,846,gkluliceknh,9th Floor
847,847,edulinni,Room 1296
848,848,ogaineofenglandnj,13th Floor
849,849,hhugonk,Room 928
850,850,mdobbingnl,PO Box 15408
851,851,rjochananynm,8th Floor
852,852,jlynessnn,PO Box 79232
853,853,mtuxillno,Room 1834
854,854,aroscampsnp,5th Floor
855,855,bbedberrynq,Apt 1443
856,856,eloachnr,6th Floor
857,857,chulmesns,6th Floor
858,858,lyoulesnt,Suite 63
859,859,ygeraldinu,3rd Floor
860,860,ffawthropnv,Suite 43
861,861,hportwainenw,2nd Floor
862,862,jhandsheartnx,Room 1166
863,863,ccortenny,Apt 432
864,864,nforestelnz,17th Floor
865,865,cdimitrescuo0,PO Box 37370
866,866,btiffneyo1,PO Box 79718
867,867,tbalasinio2,Room 1593
868,868,operassio3,Apt 1476
869,869,pmeganyo4,16th Floor
870,870,abrogiottio5,Room 121
871,871,ofewkeso6,Suite 58
872,872,flidgetto7,PO Box 14821
873,873,rpucketto8,Apt 1205
874,874,atyeo9,Room 507
875,875,kcollieoa,PO Box 32401
876,876,hthunderob,Suite 25
877,877,fhumbyoc,PO Box 58403
878,878,dmullochod,18th Floor
879,879,npostlewhiteoe,Suite 94
880,880,rbennieof,13th Floor
881,881,ldossettorog,Room 1201
882,882,mcolbertsonoh,20th Floor
883,883,gmattimoeoi,Room 1946
884,884,ggallieroj,Room 821
885,885,hjerroltok,Room 1180
886,886,dhannawayol,Apt 1634
887,887,tgalifordom,Room 1752
888,888,dhickinon,PO Box 93247
889,889,htonkinoo,PO Box 94729
890,890,rkopischop,Room 1310
891,891,mpengillyoq,Room 49
892,892,cbritianor,Room 1785
893,893,ldunfordos,6th Floor
894,894,tmckeggieot,Suite 78
895,895,gfassonou,17th Floor
896,896,gmillinov,Apt 1850
897,897,ikennardow,14th Floor
898,898,droonox,Apt 1965
899,899,kaglioneoy,7th Floor
900,900,hdunthornoz,PO Box 83756
901,901,bchooterp0,Room 1886
902,902,fthowp1,Suite 53
903,903,nleattp2,Suite 88
904,904,gbauducciop3,Room 167
905,905,dmardollp4,Apt 1488
906,906,jtewp5,Room 1835
907,907,jsandilandsp6,20th Floor
908,908,smcleishp7,Suite 53
909,909,tfishburnp8,Room 1419
910,910,svanezisp9,2nd Floor
911,911,pmacauleypa,Apt 764
912,912,awaddingtonpb,Suite 58
913,913,bdakepc,19th Floor
914,914,rdoodneypd,Room 1991
915,915,rgeorgeotpe,PO Box 73542
916,916,bpinckneypf,PO Box 85669
917,917,dcawsypg,2nd Floor
918,918,cbackshellph,Room 449
919,919,tcodnerpi,Suite 30
920,920,dglawsoppj,Room 1724
921,921,lwyleypk,PO Box 62409
922,922,moriganpl,Apt 1457
923,923,srylancepm,PO Box 54213
924,924,odemetrpn,12th Floor
925,925,dbrockettpo,Room 1927
926,926,wcelizpp,Apt 1884
927,927,sgawthorpepq,Room 1994
928,928,nqueyeiropr,PO Box 17130
929,929,kstotps,PO Box 74849
930,930,krustmanpt,3rd Floor
931,931,abeattypu,4th Floor
932,932,ffairholmpv,PO Box 42490
933,933,rcockerillpw,Suite 69
934,934,mmitchellpx,PO Box 44646
935,935,dlackingtonpy,Room 232
936,936,jcurneenpz,PO Box 49579
937,937,opickerellq0,PO Box 75004
938,938,tbrittinq1,Room 1047
939,939,rbickerdickeq2,Room 1970
940,940,fcolbertsonq3,2nd Floor
941,941,llogesq4,PO Box 82572
942,942,ewillsq5,Suite 22
943,943,sfullicksq6,4th Floor
944,944,nlawreyq7,PO Box 99365
945,945,sjzhakovq8,Apt 134
946,946,kcardinaleq9,Suite 60
947,947,vbabbidgeqa,Suite 56
948,948,bcrusqb,Room 1730
949,949,gwestcottqc,Apt 298
950,950,wgioaniqd,Room 898
951,951,sknellqe,Apt 1413
952,952,jomearaqf,Room 115
953,953,pspellardqg,Suite 9
954,954,bmackimmqh,Suite 30
955,955,bcavozziqi,Room 495
956,956,ichargeqj,Room 1498
957,957,mheadeyqk,Room 1335
958,958,ageanyql,Room 260
959,959,mfrankisqm,9th Floor
960,960,jstackqn,Suite 4
961,961,itailbyqo,Room 1236
962,962,jbeuscherqp,Suite 73
963,963,amaccartneyqq,Room 1461
964,964,nfranzqr,Room 339
965,965,trawlinqs,Room 365
966,966,ftowersqt,Room 942
967,967,edowqu,Room 315
968,968,bmccathyqv,Suite 23
969,969,tmartusewiczqw,Apt 1100
970,970,rdavidovskyqx,PO Box 81475
971,971,ogisburneqy,PO Box 35832
972,972,mpinkeqz,Apt 44
973,973,rmaestrinir0,11th Floor
974,974,mkirrager1,Room 244
975,975,lpeppinr2,16th Floor
976,976,kohairer3,Apt 435
977,977,vszymanskir4,11th Floor
978,978,jbaishr5,PO Box 59160
979,979,ddommettr6,Room 1857
980,980,dpimlockr7,Room 1370
981,981,cmedgwickr8,Apt 1840
982,982,ncastagnar9,Suite 33
983,983,oscoylesra,Room 582
984,984,abuttersrb,Suite 82
985,985,rskakunasrc,Suite 2
986,986,etolworthierd,Apt 26
987,987,rfourcadere,3rd Floor
988,988,soiseaurf,11th Floor
989,989,ischeffelrg,Suite 59
990,990,fhessenthalerrh,PO Box 27719
991,991,bbodyri,6th Floor
992,992,bkenninghamrj,7th Floor
993,993,chamillrk,Apt 591
994,994,skamiyamarl,4th Floor
995,995,mdalinderrm,Apt 25
996,996,erojahnrn,PO Box 52473
997,997,zpeacherro,Room 421
998,998,jtitmanrp,10th Floor
999,999,gthomsrq,PO Box 21091
1000,1000,wgiovannillirr,Room 1639
